,,,,,,SDG3.1,,SDG3.7,,SDG5.5,,SDG4.6,,,,,,,
,,Gender Inequality Index,,,,Maternal mortality ratio,,Adolescent birth rate,,Share of seats in parliament,,Population with at least some secondary education,,,,Labour force participation rate ,,,a
,,Value,,Rank,,"(deaths per 100,000 live births)",,"(births per 1,000 women ages 15–19)",,(% held by women),,(% ages 25 and older),,,,(% ages 15 and older),,,
HDI rank,Country,,,,,,,,,,,Female,,Male,,Female,,Male,
,,2018,,2018,,2015,,2015-2020,b,2018,,2010–2018,c,2010–2018,c,2018,,2018,
,VERY HIGH HUMAN DEVELOPMENT,,,,,,,,,,,,,,,,,,
1,Norway,0.0441164194796006,,5,,5,,5.141,,41.42011834,,96.06669,,94.8103,,60.2,,66.7,
2,Switzerland,0.0367187221873914,,1,,5,,2.763,,29.26829268,,96.37136,,97.16259,,62.6,,74.1,
3,Ireland,0.0929025287100276,,22,,8,,7.515,,24.31192661,,90.238,d,86.30795123,d,55.1,,68.1,
4,Germany,0.0835378874495926,,19,,6,,8.095,,31.49100257,,95.99484,,96.64052,,55.3,,66.2,
4,"Hong Kong, China (SAR)",..,,..,,..,,2.705,,..,,76.58528,,82.9151,,54.1,,67.8,
6,Australia,0.102877308187028,,25,,6,,11.715,,32.74336283,,89.99358,,90.74515,,59.7,,70.5,
6,Iceland,0.0574859736733963,,9,,3,,6.269,,38.0952381,,100,e,100,e,72.1,,80.6,
8,Sweden,0.0402177165879507,,2,,4,,5.076,,46.13180516,,88.81367,,88.979,,61.1,,67.6,
9,Singapore,0.0649076863827589,,11,,10,,3.53,,23,,76.26806,,83.26215,,60.5,,76.3,
10,Netherlands,0.0411099843851396,,4,,7,,3.788,,35.55555556,,86.56447,,90.0668,,58,,68.9,
11,Denmark,0.0395971736018694,,2,,6,,4.123,,37.4301676,,89.18014,,89.4327,,58.1,,65.9,
12,Finland,0.0503954368644592,,7,,3,,5.813,,42,,100,,100,,55,,62.2,
13,Canada,0.0827164246574502,,18,,7,,8.387,,31.66287016,,100,e,100,e,60.9,,69.7,
14,New Zealand,0.132939422936553,,34,,11,,19.27,,38.33333333,,97.18917,,96.58734,,64.6,,75.7,
15,United Kingdom,0.11919006989134,,27,,9,,13.37,,28.93823734,,82.87522021,,85.72601957,,57.1,,67.8,
15,United States,0.181603460749532,,42,,14,,19.86,,23.59550562,,95.70407,,95.4569,,56.1,,68.2,
17,Belgium,0.0454439966954451,,6,,7,,4.651,,41.42857143,,82.62146,,87.10012,,47.9,,58.9,
18,Liechtenstein,..,,..,,..,,..,,12,,..,,..,,..,,..,
19,Japan,0.0986490943811295,,23,,5,,3.78,,13.71994342,,95.18,d,92.16,d,51.4,,70.7,
20,Austria,0.0731482022437403,,14,,4,,7.34,,34.83606557,,100,,100,,54.8,,65.9,
21,Luxembourg,0.0783524092150301,,16,,10,,4.727,,20,,100,,100,,53.5,,62.7,
22,Israel,0.100284124752056,,24,,5,,9.607,,27.5,,87.77685,,90.53217,,59.2,,69.1,
22,Korea (Republic of),0.0575736330864943,,10,,11,,1.379,,17,,89.75212184,,95.5608701,,52.8,,73.3,
24,Slovenia,0.0686034145422661,,12,,9,,3.776,,20,,96.99318,,98.27146,,53.4,,62.7,
25,Spain,0.0741102508262026,,15,,5,,7.725,,38.63636364,,73.31044,,78.44979,,51.7,,63.4,
26,Czechia,0.137414835548396,,35,,4,,11.972,,20.28469751,,99.82184,,99.76748,,52.4,,68.4,
26,France,0.0513758610180743,,8,,8,,4.727,,35.71428571,,80.99573,,86.27086,,50.3,,60,
28,Malta,0.194998219648397,,44,,9,,12.879,,11.94029851,,74.2894,,82.16909,,43.3,,66.2,
29,Italy,0.0691016849519843,,12,,4,,5.24,,35.57894737,,75.62564208,,82.96918,,40,,58.4,
30,Estonia,0.0912578624315784,,21,,9,,7.698,,26.73267327,,100,e,100,e,57,,70.9,
31,Cyprus,0.0861246992152396,,20,,7,,4.582,,17.85714286,,78.2484,,82.55652,,57.3,,67.2,
32,Greece,0.122301730150009,,31,,3,,7.223,,18.66666667,,61.50725,,73.20012,,45.3,,60.7,
32,Poland,0.120051888977162,,30,,3,,10.538,,25.53571429,,82.85308,,88.08009,,48.9,,65.5,
34,Lithuania,0.124195695986441,,33,,10,,10.854,,21.27659574,,92.94308,,97.50258,,56.4,,66.7,
35,United Arab Emirates,0.113098984275629,,26,,6,,6.546,,22.5,,78.8,d,65.66,d,51.2,,93.4,
36,Andorra,..,,..,,..,,..,,32.14285714,,71.48384,,73.32658,,..,,..,
36,Saudi Arabia,0.223534219153941,,49,,12,,7.324,,19.86754967,,67.75402806,,75.53459099,,23.4,,79.2,
36,Slovakia,0.189958123992221,,43,,6,,25.684,,20,,99.1484,,100,,52.7,,67.4,
39,Latvia,0.169426939478071,,40,,18,,16.171,,31,,100,e,99.0579,e,55.4,,68,
40,Portugal,0.0807941289016282,,17,,10,,8.38,,34.7826087,,53.63211,,54.84427,,53.9,,64.2,
41,Qatar,0.202437818686943,,45,,13,,9.922,,9.756097561,,73.47533,,66.11908,,57.8,,94.7,
42,Chile,0.287853674807195,,62,,22,,41.052,,22.72727273,,78.97488653,,80.9283057,,51,,74.2,
43,Brunei Darussalam,0.233515932699871,,51,,23,,10.272,,9.090909091,,69.52,d,70.6,d,58.2,,71.7,
43,Hungary,0.258454129755229,,56,,17,,23.979,,12.56281407,,96.26488,,98.23066,,48.3,,65,
45,Bahrain,0.207295970459303,,47,,15,,13.368,,18.75,,64.18,d,57.52,d,44.5,,87.3,
46,Croatia,0.122416543838644,,31,,8,,8.681,,18.54304636,,94.53178979,,96.93560563,,45.7,,58.2,
47,Oman,0.303887787890477,,65,,17,,13.056,,8.823529412,,73.4094,,63.65985,,31,,88.7,
48,Argentina,0.353760967844328,,77,,52,,62.782,,39.51367781,,66.5,d,63.26,d,49,,72.8,
49,Russian Federation,0.255259346544302,,54,,25,,20.699,,16.12903226,,96.31389491,,95.72820449,,54.9,,70.5,
50,Belarus,0.119076339728079,,27,,4,,14.507,,33.13253012,,87.23838181,,92.46538674,,58.1,,70.3,
50,Kazakhstan,0.202625848234834,,46,,12,,29.75,,22.07792208,,98.28,d,98.9,d,65.2,,77.1,
52,Bulgaria,0.217756102992815,,48,,11,,39.86,,23.75,,94.16553,,96.21652,,49.5,,61.6,
52,Montenegro,0.119067971351043,,27,,7,,9.313,,23.45679012,,87.96299899,,97.52830015,,43.6,,58.1,
52,Romania,0.316030107340939,,69,,31,,36.211,,18.70967742,,87.18482,,93.06764,,45.6,,64.2,
55,Palau,..,,..,,..,,..,,13.79310345,,96.88915,,97.33132,,..,,..,
56,Barbados,0.256024274420333,,55,,27,,33.55,,27.45098039,,94.58,d,91.9,d,61.9,,69.6,
57,Kuwait,0.245300158959831,,53,,4,,8.194,,3.076923077,,56.79436152,,49.27411278,,57.5,,85.3,
57,Uruguay,0.2753298981922,,59,,15,,58.727,,22.30769231,,57.82117,,54.01071,,55.8,,73.8,
59,Turkey,0.305024921625514,,66,,16,,26.559,,17.44966443,,44.32084955,,66.04050061,,33.5,,72.6,
60,Bahamas,0.352541908437295,,76,,80,,30.001,,21.81818182,,88.01810676,,90.98156923,,67.6,,82,
61,Malaysia,0.274373981901369,,58,,40,,13.414,,15.80756014,,79.8,d,81.82,d,50.9,,77.4,
62,Seychelles,..,,..,,..,,62.05,,21.21212121,,..,,..,,..,,..,
,HIGH HUMAN DEVELOPMENT,,,,,,,,,,,,,,,,,,
63,Serbia,0.161494115630783,,37,,17,,14.706,,34.4,,85.71534,,93.61319,,46.8,,62.1,
63,Trinidad and Tobago,0.323491486195658,,72,,63,,30.09,,30.1369863,,74.42,d,71.2,d,50.4,,71.3,
65,Iran (Islamic Republic of),0.491787007250134,,118,,25,,40.635,,5.882352941,,67.35319,,72.04568,,16.8,,71.2,
66,Mauritius,0.369462072788886,,82,,53,,25.735,,11.5942029,,65.68,d,68.12,d,45,,71.8,
67,Panama,0.459663407321284,,108,,94,,81.828,,18.30985915,,74.83046639,d,68.39889969,d,52.5,,80.5,
68,Costa Rica,0.28514079649705,,61,,25,,53.46,,45.61403509,,53.75953,,52.25641,,45.7,,74.6,
69,Albania,0.234077853717824,,51,,29,,19.642,,27.85714286,,93.50631178,,92.76778303,,47.2,,64.9,
70,Georgia,0.350774648033411,,75,,36,,46.408,,16,,97.41884,,98.58102,,57.8,,78.7,
71,Sri Lanka,0.379701159725013,,86,,30,,20.926,,5.777777778,,82.64,d,83.14,d,34.9,,72.2,
72,Cuba,0.312491580274202,,67,,39,,51.592,,53.2231405,,86.74,d,88.93730023,d,40,,67.4,
73,Saint Kitts and Nevis,..,,..,,..,,..,,13.33333333,,..,,..,,..,,..,
74,Antigua and Barbuda,..,,..,,..,,42.782,,31.42857143,,..,,..,,..,,..,
75,Bosnia and Herzegovina,0.162085010303189,,38,,11,,9.642,,19.29824561,,73.0579,,90.04384,,35.6,,58.6,
76,Mexico,0.334242491983564,,74,,38,,60.365,,48.40764331,,58.42535,,61.08803,,43.8,,78.9,
77,Thailand,0.376722900099123,,84,,20,,44.908,,5.284552846,,43.10420535,,48.21447013,,59.5,,76.2,
78,Grenada,..,,..,,27,,29.177,,39.28571429,,..,,..,,..,,..,
79,Brazil,0.3855407685366,,89,,44,,59.111,,14.98316498,,61.02710319,,57.68868228,,54,,74.4,
79,Colombia,0.410502263490773,,94,,64,,66.651,,18.99641577,,53.07023,,50.93412,,58.6,,82,
81,Armenia,0.25869431789178,,57,,25,,21.49,,18.0952381,,96.87118,,97.64477,,49.6,,69.9,
82,Algeria,0.44306804243658,,100,,140,,10.071,,21.32231405,,39.08,d,38.9,d,14.9,,67.4,
82,North Macedonia,0.145030383849061,,36,,8,,15.723,,38.33333333,,41.57738491,f,57.56324754,f,42.7,,67.5,
82,Peru,0.380924704377279,,87,,68,,56.882,,27.69230769,,57.41429907,,68.46564175,,69.9,,84.7,
85,China,0.1626424804428,,39,,27,,7.635,,24.89932886,,75.44,d,83.02,d,61.3,,75.9,
85,Ecuador,0.388868600055903,,90,,64,,79.261,,37.95620438,,51.86498,,51.86285,,56.6,,81.8,
87,Azerbaijan,0.320765383443446,,70,,25,,55.838,,16.8,,93.9019,,97.53103,,63.1,,69.7,
88,Ukraine,0.284485618965989,,60,,24,,23.711,,12.29314421,,94,d,95.24,d,46.7,,62.8,
89,Dominican Republic,0.453272251480936,,104,,92,,94.26,,24.32432432,,58.63266,,54.44623,,50.9,,77.6,
89,Saint Lucia,0.332993785967268,,73,,48,,40.536,,20.68965517,,49.22039668,,42.0644932,,60.2,,75.3,
91,Tunisia,0.300319528060414,,63,,62,,7.841,,31.33640553,,42.326,d,54.564,d,24.1,,69.9,
92,Mongolia,0.321605175523907,,71,,44,,30.993,,17.10526316,,91.22,,86.34,,53.3,,66.7,
93,Lebanon,0.362448946539844,,79,,15,,14.5,,4.6875,,54.31374759,g,55.56182719,g,23.5,,70.9,
94,Botswana,0.464265972241073,,111,,129,,46.061,,9.523809524,,89.64,d,90.34,d,66.2,,78.6,
94,Saint Vincent and the Grenadines,..,,..,,45,,49.02,,13.04347826,,..,,..,,57.3,,79.2,
96,Jamaica,0.404662999282517,,93,,89,,52.757,,19.04761905,,69.85172513,,62.36603341,,60.4,,73.9,
96,Venezuela (Bolivarian Republic of),0.457955821446071,,106,,95,,85.337,,22.15568862,,71.71238,,66.61428,,47.7,,77.1,
98,Dominica,..,,..,,..,,..,,25,,..,,..,,..,,..,
98,Fiji,0.35655918992762,,78,,30,,49.353,,19.60784314,,78.34,d,70.188,d,38.1,,76.1,
98,Paraguay,0.482324516219842,,117,,132,,70.504,,16,,47.25515,,48.27803,,56.9,,84.1,
98,Suriname,0.465106449421634,,112,,155,,61.655,,25.49019608,,61.52695926,,60.08498798,,39.2,,64.2,
102,Jordan,0.468627604441813,,113,,58,,25.877,,15.38461538,,82.02,d,85.88,d,14.1,,64,
103,Belize,0.391409794221434,,91,,28,,68.487,,11.11111111,,78.91994727,,78.39561663,,53.3,,81.4,
104,Maldives,0.366582497934343,,81,,68,,7.81,,5.882352941,,44.94,d,49.28,d,41.9,,82,
105,Tonga,0.418088211280654,,96,,124,,14.662,,7.407407407,,94,d,93.4,d,45.3,,74.1,
106,Philippines,0.425242087665054,,98,,114,,54.154,,29.11392405,,75.59380536,d,72.38818412,d,45.7,,74.1,
107,Moldova (Republic of),0.22847758289977,,50,,23,,22.415,,22.77227723,,95.50932,,97.37907,,38.9,,45.6,
108,Turkmenistan,..,,..,,42,,24.418,,24.8,,..,,..,,52.8,,78.2,
108,Uzbekistan,0.303099403201028,,64,,36,,23.79,,16.4,,99.85953,,99.92858,,53.4,,78,
110,Libya,0.171767718858236,,41,,9,,5.769,,15.95744681,,69.36,d,44.96,d,25.7,,79,
111,Indonesia,0.451291653727629,,103,,126,,47.374,,19.82142857,,44.46585,,53.21026,,52.2,,82,
111,Samoa,0.364404329339807,,80,,51,,23.886,,10,,79.1274861,h,71.58292158,h,23.7,,38.6,
113,South Africa,0.421547312943652,,97,,138,,67.908,,41.8344519,i,74.97650898,,78.20732748,,48.9,,62.6,
114,Bolivia (Plurinational State of),0.446137129346391,,101,,206,,64.9,,51.80722892,,52.80782,,65.14246,,56.6,,79.4,
115,Gabon,0.534301521063617,,128,,291,,96.227,,17.35159817,j,65.6,d,49.78,d,43.4,,60.2,
116,Egypt,0.449735906931504,,102,,33,,53.819,,14.93288591,,59.24,d,71.22,d,22.8,,73.2,
,MEDIUM HUMAN DEVELOPMENT,,,,,,,,,,,,,,,,,,
117,Marshall Islands,..,,..,,..,,..,,9.090909091,,91.64424,,92.46859,,..,,..,
118,Viet Nam,0.313849400274672,,68,,54,,30.929,,26.72064777,,66.24,d,77.69533203,d,72.7,,82.5,
119,"Palestine, State of",..,,..,,45,,52.766,,..,,60.01609,,62.1679,,19.3,,71.1,
120,Iraq,0.54027282291844,,131,,50,,71.733,,25.22796353,,39.52,d,56.52,d,12.4,,72.6,
121,Morocco,0.492309939280336,,118,,121,,31.034,,18.44660194,,28.96,d,35.56,d,21.4,,70.4,
122,Kyrgyzstan,0.381234030122135,,87,,76,,32.763,,19.16666667,,98.56,d,98.34,d,48,,75.8,
123,Guyana,0.49233108459377,,118,,229,,74.382,,31.88405797,,70.92,d,55.52,d,41.2,,73.6,
124,El Salvador,0.397094034815824,,92,,54,,69.459,,30.95238095,,39.9476,,46.28972,,46.1,,78.9,
125,Tajikistan,0.377466609536154,,84,,32,,57.076,,20,,98.8,d,86.98,d,27.8,,59.7,
126,Cabo Verde,0.371969262673323,,83,,42,,73.759,,20.83333333,k,28.72740619,,31.23702564,,65.1,,73.2,
126,Guatemala,0.492146449327558,,118,,88,,70.93,,12.65822785,,38.40038634,,37.22256713,,41.1,,85,
126,Nicaragua,0.45470245497494,,105,,150,,84.99,,45.65217391,,48.28,d,46.56,d,50.7,,83.7,
129,India,0.50102830361626,,122,,174,,13.177,,11.68164313,,39.02,d,63.46,d,23.6,,78.6,
130,Namibia,0.46023062379597,,108,,265,,63.627,,39.7260274,,40.46,d,41.88,d,56.2,,65.9,
131,Timor-Leste,..,,..,,215,,33.785,,33.84615385,,..,,..,,25,,52.6,
132,Honduras,0.47928705147752,,116,,129,,72.912,,21.09375,,34.22994,,32.61259,,47.2,,83.7,
132,Kiribati,..,,..,,90,,16.177,,6.52173913,,..,,..,,..,,..,
134,Bhutan,0.436377770833861,,99,,148,,20.184,,15.27777778,,7.589152128,,17.48603454,,58.2,,74.5,
135,Bangladesh,0.535846213524309,,129,,176,,82.962,,20.28571429,,45.26,d,49.22,d,36,,81.3,
135,Micronesia (Federated States of),..,,..,,100,,13.924,,0,l,..,,..,,..,,..,
137,Sao Tome and Principe,0.546544797509109,,136,,156,,94.61,,14.54545455,,31.51726344,,45.82051427,,43.3,,76.2,
138,Congo,0.579010261929423,,145,,442,,112.229,,13.96396396,,46.72,d,51.34,d,66.9,,71.6,
138,Eswatini (Kingdom of),0.57860936753853,,145,,389,,76.695,,12.12121212,,31.34,d,33.88,d,41.4,,65.9,
140,Lao People's Democratic Republic,0.463133624712031,,110,,197,,65.41,,27.51677852,,34.98,d,46.02,d,76.8,,79.7,
141,Vanuatu,..,,..,,78,,49.437,,0,l,..,,..,,61.5,,79.6,
142,Ghana,0.541035604178036,,133,,319,,66.611,,12.72727273,,55.74,d,71.12,d,63.6,,71.5,
143,Zambia,0.540325299404844,,131,,224,,120.112,,17.96407186,,39.16,d,52.4,d,70.8,,79.8,
144,Equatorial Guinea,..,,..,,342,,155.622,,18.02325581,,..,,..,,55.2,,67.1,
145,Myanmar,0.458498553698016,,106,,178,,28.509,,10.24464832,,28.74,d,22.34,d,47.7,,77.3,
146,Cambodia,0.474162946062352,,114,,161,,50.177,,19.2513369,,15.08,d,28.1,d,75.2,,87.6,
147,Kenya,0.544508612576899,,134,,510,,75.078,,23.26139089,,29.84,d,37.314,d,63.6,,69.1,
147,Nepal,0.475737587138761,,115,,258,,65.121,,33.53293413,,28.98,d,44.16,d,81.7,,84.4,
149,Angola,0.577998903752389,,144,,477,,150.526,,30.45454545,,23.10397623,,38.05568485,,75.4,,80.1,
150,Cameroon,0.566457245539904,,140,,596,,105.8,,29.28571429,,32.66160371,,40.88,,71.2,,81.4,
150,Zimbabwe,0.524994232675309,,126,,443,,86.135,,34.28571429,,55.91172791,,66.34425,,78.6,,89,
152,Pakistan,0.547189780689543,,136,,178,,38.802,,20,,26.74714,,47.25516,,23.9,,81.5,
153,Solomon Islands,..,,..,,114,,78.003,,2.040816327,,..,,..,,62.4,,80.3,
,LOW HUMAN DEVELOPMENT,,,,,,,,,,,,,,,,,,
154,Syrian Arab Republic,0.546777040685652,,136,,68,,38.592,,13.2,,37.12,d,43.372,d,12,,70.3,
155,Papua New Guinea,0.740389996629865,,161,,215,,52.655,,0,l,9.94,d,15.16,d,46,,47.6,
156,Comoros,..,,..,,335,,65.351,,6.060606061,,..,,..,,37.4,,50.7,
157,Rwanda,0.412385447746498,,95,,290,,39.114,,55.66037736,,12.86,d,17.90975257,d,84.2,,83.6,
158,Nigeria,..,,..,,814,,107.33,,5.769230769,,..,,..,,50.6,,59.8,
159,Tanzania (United Republic of),0.538513059351621,,130,,398,,118.385,,37.17948718,,11.90167436,d,16.9164573,d,79.4,,87.2,
159,Uganda,0.530648986691771,,127,,343,,118.836,,34.29844098,,27.36,d,34.71,d,67.2,,75,
161,Mauritania,0.619936293618622,,150,,602,,71.049,,20.26143791,,12.68,d,24.9,d,29.2,,63.2,
162,Madagascar,..,,..,,353,,109.59,,19.62616822,,..,,..,,83.6,,89.3,
163,Benin,0.612514668932142,,148,,405,,86.096,,7.228915663,,18.2,d,33.64,d,69.2,,73.3,
164,Lesotho,0.54603114485697,,135,,487,,92.726,,22.72727273,,32.84,d,25.1,d,59.8,,74.9,
165,Côte d'Ivoire,0.657048139822037,,157,,645,,117.627,,9.163346614,m,17.84,d,34.08,d,48.3,,66,
166,Senegal,0.522725207585711,,125,,315,,72.725,,41.81818182,,11.14,,21.38011609,,35.2,,58.6,
167,Togo,0.565683427805117,,140,,368,,89.091,,17.58241758,,27.62,d,54.04,d,76.1,,79.3,
168,Sudan,0.560361811888023,,139,,311,,63.993,,31.04166667,,15.26,d,19.56,d,24.5,,70.3,
169,Haiti,0.619543668890491,,150,,359,,51.676,,2.739726027,,26.86,d,39.94,d,63.3,,72.8,
170,Afghanistan,0.574741706058219,,143,,396,,68.957,,27.44479495,j,13.22,d,36.92,d,48.7,,82.1,
171,Djibouti,..,,..,,229,,18.841,,26.15384615,,..,,..,,54.8,,71.1,
172,Malawi,0.614955088399395,,149,,634,,132.671,,16.66666667,,17.58,d,25.9,d,72.9,,82,
173,Ethiopia,0.507963346518468,,123,,353,,66.727,,37.28571429,,11.47565483,n,22.0440435,n,74.2,,86.5,
174,Gambia,0.620445540313457,,150,,706,,78.185,,10.34482759,,30.74,n,43.6,n,51.7,,67.7,
174,Guinea,..,,..,,679,,135.294,,21.92982456,,..,,..,,64.1,,65.1,
176,Liberia,0.651021516842747,,155,,725,,135.962,,11.65048544,,18.54,d,39.64,d,54.7,,57.5,
177,Yemen,0.834173742464688,,162,,385,,60.352,,0.518134715,,19.92,d,35.48,d,6,,70.8,
178,Guinea-Bissau,..,,..,,549,,104.823,,13.7254902,,..,,..,,67.3,,78.9,
179,Congo (Democratic Republic of the),0.654731594247045,,156,,693,,124.22,,8.166666667,,36.73039,,65.81281,,60.8,,66.5,
180,Mozambique,0.568878392907372,,142,,489,,148.626,,39.6,,13.96321,,27.2866627,,77.5,,79.6,
181,Sierra Leone,0.64374360081378,,153,,1360,,112.828,,12.32876712,,19.86,d,32.9,d,57.7,,58.5,
182,Burkina Faso,0.61156915873293,,147,,371,,104.329,,11.02362205,,6.021845243,n,12.09579632,n,58.5,,75.1,
182,Eritrea,..,,..,,501,,52.553,,22,,..,,..,,74.1,,87.1,
184,Mali,0.676103851075868,,158,,587,,169.127,,8.843537415,,7.34422,f,16.381122,f,61.3,,80.9,
185,Burundi,0.519577811924109,,124,,712,,55.59,,38.75,,7.5,d,11.02,d,80.4,,77.6,
186,South Sudan,..,,..,,789,,62.04,,26.55889145,,..,,..,,71.8,,74.3,
187,Chad,0.700680667196163,,160,,856,,161.09,,15.25423729,,1.738381058,n,10.31336704,n,64.8,,77.9,
188,Central African Republic,0.682078662627519,,159,,882,,129.074,,8.571428571,,13.42,d,31.08,d,64.7,,79.8,
189,Niger,0.647447847332378,,154,,553,,186.538,,16.95906433,,4.28,d,8.88,d,67.3,,90.5,
,OTHER COUNTRIES OR TERRITORIES,,,,,,,,,,,,,,,,,,
..,Korea (Democratic People's Rep. of),..,,..,,82,,0.283,,16.30276565,,..,,..,,74.3,,87.3,
..,Monaco,..,,..,,..,,..,,33.33333333,,..,,..,,..,,..,
..,Nauru,..,,..,,..,,..,,10.52631579,,..,,..,,..,,..,
..,San Marino,..,,..,,..,,..,,26.66666667,,..,,..,,..,,..,
..,Somalia,..,,..,,732,,100.085,,24.31610942,,..,,..,,19.1,,74.3,
..,Tuvalu,..,,..,,..,,..,,6.666666667,,..,,..,,..,,..,
,,,,,,,,,,,,,,,,,,,
,Human development groups,,,,,,,,,,,,,,,,,,
,Very high human development,0.174575057975067,,-,,14.7793857506946,,16.6619067532914,,27.176433720722,,87.026748797776,,88.7322883064698,,52.1151701422297,,69.0102311509957,
,High human development,0.330954524837111,,-,,55.9968893541245,,33.6059812457857,,24.4454642804261,,68.928136872617,,74.5192997618192,,53.9171373629512,,75.6426008617508,
,Medium human development,0.500602596797948,,-,,198.367717694369,,34.2877107415792,,20.827760657755,,39.4905441895619,,58.7330581293645,,32.2649115627169,,78.8687494619625,
,Low human development,0.589921965091918,,-,,556.653183622544,,101.106921599184,,21.3211093232283,,17.7626659344368,,30.3350913356919,,58.2091737587715,,73.118649159181,
,,,,,,,,,,,,,,,,,,,
,Developing countries,0.46610622044229,,-,,230.708173318609,,46.7526472319332,,22.3756085660071,,55.0150965830928,,65.8231257187642,,46.5945482665657,,76.585415966189,
,,,,,,,,,,,,,,,,,,,
,Regions,,,,,,,,,,,,,,,,,,
,Arab States,0.531337603917389,,-,,148.165904384722,,46.5926571793954,,18.3436853008708,,45.9245524650456,,54.8592934166385,,20.4113947046506,,73.8271140581955,
,East Asia and the Pacific,0.309778740955756,,-,,61.7018750810938,,22.0334135665527,,20.2506753996806,,68.788648018728,,76.1847599924571,,59.718865695854,,76.9684994052219,
,Europe and Central Asia,0.275613132722375,,-,,24.8047454266209,,27.7728431232437,,21.1576193597024,,78.1025974198301,,85.8018759823187,,45.1732093786656,,70.100548517536,
,Latin America and the Caribbean,0.383424065550715,,-,,67.6377185219327,,63.2032544724784,,30.9769658455405,,59.7383806546001,,59.3474244707975,,51.8267136046964,,77.1774787614533,
,South Asia,0.5101488175364,,-,,175.689848023639,,26.0534717902238,,17.1270718226809,,39.9431678566327,,60.8176137517987,,25.9231651790786,,78.8451820326242,
,Sub-Saharan Africa,0.572671832466717,,-,,550.216557542047,,104.707492620953,,23.4817813770149,,28.8043063922749,,39.7997913274705,,63.5291689579412,,72.9401882550031,
,,,,,,,,,,,,,,,,,,,
,Least developed countries,0.560517470177304,,-,,433.50640904343,T,94.4117119923726,,22.4610301667512,,25.2975025556222,,34.9361180527039,,57.3243227522889,,78.8145808412072,
,Small island developing states,0.452511000663769,,-,,192.110182643647,,57.5318267884672,,24.5695778757096,,59.040537781824,,61.5128093472652,,51.0468267981419,,70.2114798665733,
,,,,,,,,,,,,,,,,,,,
,Organisation for Economic Co-operation and Development,0.181947901154148,,-,,14.416249017423,,20.4517397617395,,30.0572223948353,,84.8137622549253,,87.6983817882263,,51.6066229614775,,68.531174730684,
,,,,,,,,,,,,,,,,,,,
,World,0.43917795081269,,-,,216,T,42.8996008884914,,24.1052663601196,,62.7605993072614,,71.1570388046416,,47.9562032325425,,74.9183752813781,
,,,,,,,,,,,,,,,,,,,
,NOTES,,,,,,,,,,,,,,,,,,
,a. Estimates modelled by the International Labour Organization.,,,,,,,,,,,,,,,,,,
,b. Data are average annual estimates for 2015–2020.,,,,,,,,,,,,,,,,,,
,c. Data refer to the most recent year available during the period specified.,,,,,,,,,,,,,,,,,,
,d. Based on Barro and Lee (2018).,,,,,,,,,,,,,,,,,,
,e. Based on data from OECD (2018).,,,,,,,,,,,,,,,,,,
,f. Updated by HDRO based on data from United Nations Children's Fund Multiple Indicator Cluster Surveys for 2006-2018.,,,,,,,,,,,,,,,,,,
,g. Based on cross-country regression.,,,,,,,,,,,,,,,,,,
,h. Based on data from the national statistical office.,,,,,,,,,,,,,,,,,,
,i. Excludes the 36 special rotating delegates appointed on an ad hoc basis.,,,,,,,,,,,,,,,,,,
,j. Refers to 2017.,,,,,,,,,,,,,,,,,,
,k. Refers to 2013.,,,,,,,,,,,,,,,,,,
,"l. In calculating the Gender Inequality Index, a value of 0.1 percent was used.",,,,,,,,,,,,,,,,,,
,m. Refers to 2015.,,,,,,,,,,,,,,,,,,
,n. Updated by HDRO based on data from ICF Macro Demographic and Health Surveys for 2006-2018.,,,,,,,,,,,,,,,,,,
,T. From original data source.,,,,,,,,,,,,,,,,,,
,,,,,,,,,,,,,,,,,,,
,DEFINITIONS,,,,,,,,,,,,,,,,,,
,"Gender Inequality Index: A composite measure reflecting inequality in achievement between women and men in three dimensions: reproductive health, empowerment and the labour market. See Technical note 4 at http://hdr.undp.org/sites/default/files/hdr2019_technical_notes.pdf for details on how the Gender Inequality Index is calculated. ",,,,,,,,,,,,,,,,,,
,"Maternal mortality ratio: Number of deaths due to pregnancy-related causes per 100,000 live births. ",,,,,,,,,,,,,,,,,,
,"Adolescent birth rate: Number of births to women ages 15–19 per 1,000 women ages 15–19. ",,,,,,,,,,,,,,,,,,
,"Share of seats in parliament: Proportion of seats held by women in the national parliament expressed as a percentage of total seats. For countries with a bicameral legislative system, the share of seats is calculated based on both houses.",,,,,,,,,,,,,,,,,,
,Population with at least some secondary education: Percentage of the population ages 25 and older that has reached (but not necessarily completed) a secondary level of education.,,,,,,,,,,,,,,,,,,
,"Labour force participation rate: Proportion of the working-age population (ages 15 and older) that engages in the labour market, either by working or actively looking for work, expressed as a percentage of the working-age population.",,,,,,,,,,,,,,,,,,
,,,,,,,,,,,,,,,,,,,
,MAIN DATA SOURCES,,,,,,,,,,,,,,,,,,
,Column 1: HDRO calculations based on data in columns 3 - 9.,,,,,,,,,,,,,,,,,,
,Column 2: Calculated based on data in column 1.,,,,,,,,,,,,,,,,,,
,Column 3: UN Maternal Mortality Estimation Group (2017). ,,,,,,,,,,,,,,,,,,
,Column 4: UNDESA (2019b). ,,,,,,,,,,,,,,,,,,
,Column 5: IPU (2019). ,,,,,,,,,,,,,,,,,,
,Columns 6 and 7: UNESCO Institute for Statistics (2019) and Barro and Lee (2018).,,,,,,,,,,,,,,,,,,
,Columns 8 and 9: ILO (2019). ,,,,,,,,,,,,,,,,,,
